# binary lambda calculus, closed terms; normal-order reduction, budget 400 steps / 3000 nodes
# Omega_BLC in [0.120181739330, 1.000000000000] (upper bound trivial, see paper); certified bits: 0
# n_closed agrees with OEIS A114852
length,n_closed,n_normalised,n_undecided,omega_lower_bound
4,1,1,0,0.0625
5,0,0,0,0.0625
6,1,1,0,0.078125
7,1,1,0,0.0859375
8,2,2,0,0.09375
9,1,1,0,0.095703125
10,6,6,0,0.1015625
11,5,5,0,0.1040039062
12,13,13,0,0.1071777344
13,14,14,0,0.1088867188
14,37,37,0,0.1111450195
15,44,44,0,0.112487793
16,101,101,0,0.1140289307
17,134,134,0,0.1150512695
18,298,297,1,0.1161842346
19,431,431,0,0.1170063019
20,883,882,1,0.1178474426
21,1361,1361,0,0.118496418
22,2736,2729,7,0.1191470623
23,4405,4405,0,0.1196721792
24,8574,8549,25,0.1201817393
